<?xml version="1.0"?>
<?xml-stylesheet type="text/xsl" href="../style/module.stylesheet.xsl" ?>
<exslt:module xmlns:exslt="http://exslt.org/documentation"
              version="1" prefix="math">

<exslt:name>Math</exslt:name>

<rdf:Description xmlns:rdf="http://www.w3.org/1999/02/22-rdf-syntax-ns#"
                 xmlns:dc="http://purl.org/dc/elements/1.1/"
                 ID="math">
   <dc:subject>EXSLT</dc:subject>
   <dc:subject>math</dc:subject>
   <dc:subject>module</dc:subject>
   <exslt:revision>
      <rdf:Description xmlns:rdf="http://www.w3.org/1999/02/22-rdf-syntax-ns#"
                       xmlns:dc="http://purl.org/dc/elements/1.1/"
                       ID="math.1">
         <exslt:version>1</exslt:version>
         <dc:creator>Jeni Tennison</dc:creator>
         <dc:date>2001-03-28</dc:date>
         <dc:description>A module of mathematical functions.</dc:description>
      </rdf:Description>
   </exslt:revision>
   <exslt:revision>
      <rdf:Description xmlns:rdf="http://www.w3.org/1999/02/22-rdf-syntax-ns#"
                       xmlns:dc="http://purl.org/dc/elements/1.1/"
                       ID="math.1.1">
         <exslt:version>1.1</exslt:version>
         <dc:creator>Jeni Tennison</dc:creator>
         <dc:date>2001-05-22</dc:date>
         <dc:description xmlns="http://www.w3.org/1999/xhtml">
            Added <a href="functions/min" class="function">math:min</a>, <a href="functions/max" class="function">math:max</a>, <a href="functions/lowest" class="function">math:lowest</a>, and <a href="functions/highest" class="function">math:highest</a> to the core.
         </dc:description>
      </rdf:Description>
   </exslt:revision>
</rdf:Description>

<exslt:doc xmlns="">
   <section>
      <para>
         EXSLT - Math covers extension elements and functions that provide facilities to do with maths.
      </para>
   </section>
</exslt:doc>

<exslt:functions>
   <exslt:function name="min" version="1" core="yes" />
   <exslt:function name="max" version="1" core="yes" />
   <exslt:function name="highest" version="1" core="yes" />
   <exslt:function name="lowest" version="1" core="yes" />
   <exslt:function name="abs" version="1" core="no" />
   <exslt:function name="sqrt" version="1" core="no" />
   <exslt:function name="power" version="1" core="no" />
   <exslt:function name="constant" version="1" core="no" />
   <exslt:function name="log" version="1" core="no" />
   <exslt:function name="random" version="1" core="no" />
   <exslt:function name="sin" version="1" core="no" />
   <exslt:function name="cos" version="1" core="no" />
   <exslt:function name="tan" version="1" core="no" />
   <exslt:function name="asin" version="1" core="no" />
   <exslt:function name="acos" version="1" core="no" />
   <exslt:function name="atan" version="1" core="no" />
   <exslt:function name="atan2" version="1" core="no" />
   <exslt:function name="exp" version="1" core="no" />
</exslt:functions>

</exslt:module>