<?xml version="1.0" encoding="utf-8"?>
<exslt:function xmlns:exslt="http://exslt.org/documentation" xmlns:rdf="http://www.w3.org/1999/02/22-rdf-syntax-ns#" xmlns:dc="http://purl.org/dc/elements/1.1/" xmlns:html="http://www.w3.org/1999/xhtml" xmlns:vcf="http://www.ietf.org/internet-drafts/draft-dawson-vcard-xml-dtd-03.txt" version="1" module="str" status="new">
   <exslt:name>concat</exslt:name>
   <rdf:Description ID="str:concat">
      <dc:subject>EXSLT</dc:subject>
      <dc:subject>str</dc:subject>
      <dc:subject>concat</dc:subject>
      <exslt:revision>
         <rdf:Description ID="str:concat.1">
            <exslt:version>1</exslt:version>
            <dc:creator rdf:parseType="Resource">
               <vcf:fn>Chris Bayes</vcf:fn>
               <vcf:email>chris@bayes.co.uk</vcf:email>
               <vcf:url>http://www.bayes.co.uk</vcf:url>
            </dc:creator>
            <dc:date>2001-06-26</dc:date>
            <dc:description>
               <html:div>
                  <html:p>Concatenates the string values of a node set.</html:p>
               </html:div>
            </dc:description>
         </rdf:Description>
      </exslt:revision>
      <exslt:revision>
         <rdf:Description xmlns:rdf="http://www.w3.org/1999/02/22-rdf-syntax-ns#"
                          xmlns:dc="http://purl.org/dc/elements/1.1/"
                          ID="str:concat.1.1">
            <exslt:version>1.1</exslt:version>
            <dc:creator email="craig.stewart@nottingham.ac.uk" 
                        url="">Craig Stewart</dc:creator>
            <dc:date>2002-08-21</dc:date>
            <dc:description xmlns="http://www.w3.org/1999/xhtml">Added 4XSLT and libxslt implementation to the list.</dc:description>
         </rdf:Description>
      </exslt:revision>
      <exslt:revision>
         <rdf:Description xmlns:rdf="http://www.w3.org/1999/02/22-rdf-syntax-ns#"
                          xmlns:dc="http://purl.org/dc/elements/1.1/"
                          ID="str:concat.1.2">
            <exslt:version>1.2</exslt:version>
            <dc:creator email="craig.stewart@nottingham.ac.uk" 
                        url="">Craig Stewart</dc:creator>
            <dc:date>2002-11-12</dc:date>
            <dc:description xmlns="http://www.w3.org/1999/xhtml">Updated 4XSLT version to 0.12.0a3.</dc:description>
         </rdf:Description>
      </exslt:revision>
   </rdf:Description>
   <exslt:doc>
      <html:div>
         <html:p>
         The <html:code>str:concat</html:code> function takes a node set and returns the concatenation of the string values of the nodes in that node set.  If the node set is empty, it returns an empty string.
      </html:p>
      </html:div>
   </exslt:doc>
   <exslt:definition>
      <exslt:return type="string">
         <html:div/>
      </exslt:return>
      <exslt:arg name="node-set" type="node-set" default="/.." optional="no">
         <html:div/>
      </exslt:arg>
   </exslt:definition>
   <exslt:implementations>
      <exslt:vendor-implementation
              version="1"
              vendor="4XSLT, from 4Suite."
              vendor-url="http://4Suite.org"
              vendor-version="0.12.0a3" />
      <exslt:vendor-implementation
              version="1"
              vendor="libxslt from Daniel Veillard et al."
              vendor-url="http://xmlsoft.org/XSLT/"
              vendor-version="1.0.19" />
      <exslt:implementation src="str.concat.js" language="exslt:javascript" version="1">
         <rdf:Description ID="str:concat.exslt:javascript">
            <dc:subject>EXSLT</dc:subject>
            <dc:subject>str</dc:subject>
            <dc:subject>concat</dc:subject>
            <dc:subject>exslt:javascript</dc:subject>
            <exslt:revision>
               <rdf:Description ID="str:concat.exslt:javascript.1">
                  <exslt:version>1</exslt:version>
                  <dc:creator rdf:parseType="Resource">
                     <vcf:fn>Chris Bayes</vcf:fn>
                     <vcf:email>chris@bayes.co.uk</vcf:email>
                     <vcf:url>http://www.bayes.co.uk</vcf:url>
                  </dc:creator>
                  <dc:date>2001-06-26</dc:date>
               </rdf:Description>
            </exslt:revision>
         </rdf:Description>
      </exslt:implementation>
      <exslt:implementation src="str.concat.msxsl.xsl" language="exslt:msxsl" version="1">
         <rdf:Description ID="str:concat.exslt:msxsl">
            <dc:subject>EXSLT</dc:subject>
            <dc:subject>str</dc:subject>
            <dc:subject>concat</dc:subject>
            <dc:subject>exslt:msxsl</dc:subject>
            <exslt:revision>
               <rdf:Description ID="str:concat.exslt:msxsl.1">
                  <exslt:version>1</exslt:version>
                  <dc:creator rdf:parseType="Resource">
                     <vcf:fn>Chris Bayes</vcf:fn>
                     <vcf:email>chris@bayes.co.uk</vcf:email>
                     <vcf:url>http://www.bayes.co.uk</vcf:url>
                  </dc:creator>
                  <dc:date>2001-06-26</dc:date>
               </rdf:Description>
            </exslt:revision>
         </rdf:Description>
      </exslt:implementation>
   </exslt:implementations>
   <exslt:use-cases>
      <exslt:use-case type="example" xslt="str.concat.1.xsl" data="str.concat.data.1.xml">
         <rdf:Description ID="str:concat.use-case">
            <dc:subject>EXSLT</dc:subject>
            <dc:subject>str</dc:subject>
            <dc:subject>concat</dc:subject>
            <dc:subject>example</dc:subject>
            <exslt:revision>
               <rdf:Description ID="str:concat.use-case.1">
                  <exslt:version/>
                  <dc:creator rdf:parseType="Resource">
                     <vcf:fn>Chris Bayes</vcf:fn>
                     <vcf:email>chris@bayes.co.uk</vcf:email>
                     <vcf:url>http://www.bayes.co.uk</vcf:url>
                  </dc:creator>
                  <dc:date>2001-06-26</dc:date>
               </rdf:Description>
            </exslt:revision>
         </rdf:Description>
      </exslt:use-case>
   </exslt:use-cases>
</exslt:function>
