<?xml version="1.0"?>
<exslt:function xmlns:exslt="http://exslt.org/documentation" 
               version="2" module="date" status="implemented">

<exslt:name>time</exslt:name>

<rdf:Description xmlns:rdf="http://www.w3.org/1999/02/22-rdf-syntax-ns#"
                 xmlns:dc="http://purl.org/dc/elements/1.1/"
                 ID="date:time">
   <dc:subject>EXSLT</dc:subject>
   <dc:subject>date</dc:subject>
   <dc:subject>time</dc:subject>
   <exslt:revision>
      <rdf:Description xmlns:rdf="http://www.w3.org/1999/02/22-rdf-syntax-ns#"
                       xmlns:dc="http://purl.org/dc/elements/1.1/"
                       ID="date:time.2">
         <exslt:version>2</exslt:version>
         <dc:creator email="mail@jenitennison.com" 
                     url="http://www.jenitennison.com/">
            Jeni Tennison
         </dc:creator>
         <dc:date>2001-06-11</dc:date>
         <dc:description xmlns="http://www.w3.org/1999/xhtml">
            <ul>
               <li>Added <code>xs:time</code> format as a legal date/time format for the argument to this function.</li>
               <li>Added implementations in Javascript, XSLT and EXSLT - Functions.</li>
            </ul>
         </dc:description>
      </rdf:Description>
   </exslt:revision>
   <exslt:revision>
      <rdf:Description xmlns:rdf="http://www.w3.org/1999/02/22-rdf-syntax-ns#"
                       xmlns:dc="http://purl.org/dc/elements/1.1/"
                       ID="date:time.2.1">
         <exslt:version>2.1</exslt:version>
         <dc:creator email="mail@jenitennison.com" 
                     url="http://www.jenitennison.com/">
            Jeni Tennison
         </dc:creator>
         <dc:date>2001-06-16</dc:date>
         <dc:description xmlns="http://www.w3.org/1999/xhtml">
            <ul>
               <li>Updated Javascript implementation.</li>
               <li>Added Microsoft-specific stylesheet.</li>
            </ul>
         </dc:description>
      </rdf:Description>
   </exslt:revision>
   <exslt:revision>
      <rdf:Description xmlns:rdf="http://www.w3.org/1999/02/22-rdf-syntax-ns#"
                       xmlns:dc="http://purl.org/dc/elements/1.1/"
                       ID="date:time.2.2">
         <exslt:version>2.2</exslt:version>
         <dc:creator email="mail@jenitennison.com" 
                     url="http://www.jenitennison.com/">
            Jeni Tennison
         </dc:creator>
         <dc:date>2001-07-20</dc:date>
         <dc:description xmlns="http://www.w3.org/1999/xhtml">
            Added implementation in Saxon 6.4.2.
         </dc:description>
      </rdf:Description>
   </exslt:revision>
   <exslt:revision>
      <rdf:Description xmlns:rdf="http://www.w3.org/1999/02/22-rdf-syntax-ns#"
                       xmlns:dc="http://purl.org/dc/elements/1.1/"
                       ID="date:time.2.3">
         <exslt:version>2.3</exslt:version>
         <dc:creator email="craig.stewart@nottingham.ac.uk" 
                     url="">Craig Stewart</dc:creator>
         <dc:date>2002-08-21</dc:date>
         <dc:description xmlns="http://www.w3.org/1999/xhtml">Added Xalan-J, libxslt and 4XSLT implementation to the list.</dc:description>
      </rdf:Description>
   </exslt:revision>
   <exslt:revision>
      <rdf:Description xmlns:rdf="http://www.w3.org/1999/02/22-rdf-syntax-ns#"
                       xmlns:dc="http://purl.org/dc/elements/1.1/"
                       ID="date:time.2.4">
         <exslt:version>2.4</exslt:version>
         <dc:creator email="craig.stewart@nottingham.ac.uk" 
                     url="">Craig Stewart</dc:creator>
         <dc:date>2002-11-12</dc:date>
         <dc:description xmlns="http://www.w3.org/1999/xhtml">Updated 4XSLT version to 0.12.0a3.</dc:description>
      </rdf:Description>
   </exslt:revision>
</rdf:Description>

<exslt:doc xmlns:html="http://www.w3.org/1999/xhtml"
           xmlns="">
   <html:div xmlns="http://www.w3.org/1999/xhtml">
      <p>
         The <code>date:time</code> function returns the time specified in the date/time string given as the argument.  If no argument is given, then the current local date/time, as returned by <code>date:date-time</code> is used as a default argument.
      </p>
      <p>
         The date/time string specified as an argument must be a string in a format matching the lexical representation of either <code>xs:dateTime</code> in [<a href="http://www.w3.org/TR/xmlschema-2/#dateTime" class="offsite">3.2.7 dateTime</a>] or <code>xs:time</code> in [<a href="http://www.w3.org/TR/xmlschema-2/#time" class="offsite">3.2.8 time</a>] of [<a href="http://www.w3.org/TR/xmlschema-2/" class="offsite">XML Schema Part 2: Datatypes</a>].  If the argument string is not in this format, <code>date:time</code> returns an empty string (<code>''</code>).
      </p>
      <p class="note">
         The date/time format is basically <code><var>CCYY</var>-<var>MM</var>-<var>DD</var>T<var>hh</var>:<var>mm</var>:<var>ss</var></code>, although implementers should consult [<a href="http://www.w3.org/TR/xmlschema-2/" class="offsite">XML Schema Part 2: Datatypes</a>] and [<a href="http://www.iso.ch/markete/8601.pdf" class="offsite">ISO 8601</a>] for details.
      </p>
      <p>
         The date is returned as a string with a lexical representation as defined for <code>xs:time</code> in [<a href="http://www.w3.org/TR/xmlschema-2/#time" class="offsite">3.2.8 time</a>] of [<a href="http://www.w3.org/TR/xmlschema-2/" class="offsite">XML Schema Part 2: Datatypes</a>].
      </p>
      <p class="note">
         The time format is basically <code><var>hh</var>:<var>mm</var>:<var>ss</var></code>, although implementers should consult [<a href="http://www.w3.org/TR/xmlschema-2/" class="offsite">XML Schema Part 2: Datatypes</a>] and [<a href="http://www.iso.ch/markete/8601.pdf" class="offsite">ISO 8601</a>] for details.
      </p>
      <p>
         If no argument is given or the argument date/time specifies a time zone, then the time string format must include a time zone, either a <code>Z</code> to indicate Coordinated Universal Time or a <code>+</code> or <code>-</code> followed by the difference between the difference from <acronym>UTC</acronym> represented as <code><var>hh</var>:<var>mm</var></code>.  If an argument is specified and it does not specify a time zone, then the time string format must not include a time zone.
      </p>
   </html:div>
</exslt:doc>

<exslt:definition xmlns:xs="http://www.w3.org/2001/XMLSchema">
   <exslt:return type="string" />
   <exslt:arg name="date-time" type="string" 
              optional="yes" default="date:date-time()" />
</exslt:definition>

<exslt:implementations>
   <exslt:vendor-implementation
           version="2"
           vendor="SAXON from Michael Kay"
           vendor-url="http://users.iclway.co.uk/mhkay/saxon/index.html"
           vendor-version="6.4.2" />
   <exslt:vendor-implementation
           version="2"
           vendor="Xalan-J from Apache"
           vendor-url="http://xml.apache.org/xalan-j"
           vendor-version="2.4.D1" />
   <exslt:vendor-implementation
           version="2"
           vendor="4XSLT, from 4Suite."
           vendor-url="http://4Suite.org"
           vendor-version="0.12.0a3" />
   <exslt:vendor-implementation
           version="2"
           vendor="libxslt from Daniel Veillard et al."
           vendor-url="http://xmlsoft.org/XSLT/"
           vendor-version="1.0.19" />
   <exslt:implementation src="date.time.function.xsl" language="exslt:exslt" 
                         version="2">
      <exslt:doc xmlns:html="http://www.w3.org/1999/xhtml">
         <html:div xmlns="http://www.w3.org/1999/xhtml">
            <p>
               This implementation relies on <a href="../date-time/date.date-time.html"><code>date:date-time()</code></a> being available in order to get the current date/time.  If it isn't, it uses the global parameter <code>$date:date-time</code> as the current date/time.
            </p>
         </html:div>
      </exslt:doc>
   </exslt:implementation>
   <exslt:implementation src="date.time.template.xsl" language="exslt:xslt" 
                         version="2">
      <exslt:doc xmlns:html="http://www.w3.org/1999/xhtml">
         <html:div xmlns="http://www.w3.org/1999/xhtml">
            <p>
               This implementation relies on <a href="../date-time/date.date-time.html"><code>date:date-time()</code></a> being available in order to get the current date/time.  If it isn't, it uses the global parameter <code>$date:date-time</code> as the current date/time.
            </p>
         </html:div>
      </exslt:doc>
   </exslt:implementation>
   <exslt:implementation src="date.js" language="exslt:javascript" 
                         version="2">
      <rdf:Description xmlns:rdf="http://www.w3.org/1999/02/22-rdf-syntax-ns#"
                       xmlns:dc="http://purl.org/dc/elements/1.1/"
                       ID="date:time.js">
         <dc:subject>EXSLT</dc:subject>
         <dc:subject>date</dc:subject>
         <dc:subject>time</dc:subject>
         <dc:subject>Javascript</dc:subject>
         <exslt:revision>
            <rdf:Description xmlns:rdf="http://www.w3.org/1999/02/22-rdf-syntax-ns#"
                             xmlns:dc="http://purl.org/dc/elements/1.1/"
                             ID="date:time.js.1">
               <exslt:version>1</exslt:version>
               <dc:creator xmlns:vcf="http://www.ietf.org/internet-drafts/draft-dawson-vcard-xml-dtd-03.txt" rdf:parseType="Resource">
                  <vcf:fn>Chris Bayes</vcf:fn>
                  <vcf:email>chris@bayes.co.uk</vcf:email>
                  <vcf:url>http://www.bayes.co.uk</vcf:url>
               </dc:creator>
               <dc:date>2001-06-11</dc:date>
            </rdf:Description>
         </exslt:revision>
         <exslt:revision>
            <rdf:Description xmlns:rdf="http://www.w3.org/1999/02/22-rdf-syntax-ns#"
                             xmlns:dc="http://purl.org/dc/elements/1.1/"
                             ID="date:time.js.2">
               <exslt:version>2</exslt:version>
               <dc:creator xmlns:vcf="http://www.ietf.org/internet-drafts/draft-dawson-vcard-xml-dtd-03.txt" rdf:parseType="Resource">
                  <vcf:fn>Chris Bayes</vcf:fn>
                  <vcf:email>chris@bayes.co.uk</vcf:email>
                  <vcf:url>http://www.bayes.co.uk</vcf:url>
               </dc:creator>
               <dc:date>2001-06-16</dc:date>
            </rdf:Description>
         </exslt:revision>
      </rdf:Description>
   </exslt:implementation>
   <exslt:implementation src="date.msxsl.xsl" language="exslt:msxsl"
                         version="2">
      <rdf:Description xmlns:rdf="http://www.w3.org/1999/02/22-rdf-syntax-ns#"
                       xmlns:dc="http://purl.org/dc/elements/1.1/"
                       ID="date:time.msxsl">
         <dc:subject>EXSLT</dc:subject>
         <dc:subject>date</dc:subject>
         <dc:subject>time</dc:subject>
         <dc:subject>MSXML</dc:subject>
         <exslt:revision>
            <rdf:Description xmlns:rdf="http://www.w3.org/1999/02/22-rdf-syntax-ns#"
                             xmlns:dc="http://purl.org/dc/elements/1.1/"
                             ID="date:time.msxsl.1">
               <exslt:version>1</exslt:version>
               <dc:creator xmlns:vcf="http://www.ietf.org/internet-drafts/draft-dawson-vcard-xml-dtd-03.txt" rdf:parseType="Resource">
                  <vcf:fn>Chris Bayes</vcf:fn>
                  <vcf:email>chris@bayes.co.uk</vcf:email>
                  <vcf:url>http://www.bayes.co.uk</vcf:url>
               </dc:creator>
               <dc:date>2001-06-16</dc:date>
            </rdf:Description>
         </exslt:revision>
      </rdf:Description>
   </exslt:implementation>
</exslt:implementations>

<exslt:use-cases />

</exslt:function>
