<?xml version="1.0"?>
<?xml-stylesheet type="text/xsl" href="submissions.xsl"?>
<!DOCTYPE function SYSTEM 'function-submission.dtd'>
<function date="2001-06-24">

   <module>regexp</module>
   <name>replace</name>

   <meta>
      <author email="chris@bayes.co.uk" 
              url="http://www.bayes.co.uk">Chris Bayes</author>
      <summary>
         <p>Replaces according to a regular expression.</p>
      </summary>
   </meta>
   <documentation>
      <p>Replaces according to a regular expression.</p>
   </documentation>
   <definition>
      <return type="string" />
		<arg name="context" type="node-set" default="/.." optional="no" />
		<arg name="regExp" type="string" default="''" optional="no" />
		<arg name="flags" type="string" default="''" optional="no" />
		<arg name="repStr" type="string" default="''" optional="no" />
   </definition>

</function>