<?xml version="1.0"?>
<exslt:function xmlns:exslt="http://exslt.org/documentation" 
               version="1" module="date" status="implemented">

<exslt:name>difference</exslt:name>

<rdf:Description xmlns:rdf="http://www.w3.org/1999/02/22-rdf-syntax-ns#"
                 xmlns:dc="http://purl.org/dc/elements/1.1/"
                 ID="date:difference">
   <dc:subject>EXSLT</dc:subject>
   <dc:subject>date</dc:subject>
   <dc:subject>difference</dc:subject>
   <exslt:revision>
      <rdf:Description xmlns:rdf="http://www.w3.org/1999/02/22-rdf-syntax-ns#"
                       xmlns:dc="http://purl.org/dc/elements/1.1/"
                       ID="date:difference.1">
         <exslt:version>1</exslt:version>
         <dc:creator email="mail@jenitennison.com" 
                     url="http://www.jenitennison.com/">
            Jeni Tennison
         </dc:creator>
         <dc:date>2001-05-12</dc:date>
         <dc:description xmlns="http://www.w3.org/1999/xhtml">
            Returns the difference between two dates as a duration.
         </dc:description>
      </rdf:Description>
   </exslt:revision>
   <exslt:revision>
      <rdf:Description xmlns:rdf="http://www.w3.org/1999/02/22-rdf-syntax-ns#"
                       xmlns:dc="http://purl.org/dc/elements/1.1/"
                       ID="date:difference.1.1">
         <exslt:version>1.1</exslt:version>
         <dc:creator email="mail@jenitennison.com" 
                     url="http://www.jenitennison.com/">
            Jeni Tennison
         </dc:creator>
         <dc:date>2001-06-11</dc:date>
         <dc:description xmlns="http://www.w3.org/1999/xhtml">
            Added implementations in Javascript, XSLT and EXSLT - Functions.
         </dc:description>
      </rdf:Description>
   </exslt:revision>
   <exslt:revision>
      <rdf:Description xmlns:rdf="http://www.w3.org/1999/02/22-rdf-syntax-ns#"
                       xmlns:dc="http://purl.org/dc/elements/1.1/"
                       ID="date:difference.1.2">
         <exslt:version>1.2</exslt:version>
         <dc:creator email="mail@jenitennison.com" 
                     url="http://www.jenitennison.com/">
            Jeni Tennison
         </dc:creator>
         <dc:date>2001-06-16</dc:date>
         <dc:description xmlns="http://www.w3.org/1999/xhtml">
            <ul>
               <li>Updated Javascript implementation.</li>
               <li>Added Microsoft-specific stylesheet.</li>
            </ul>
         </dc:description>
      </rdf:Description>
   </exslt:revision>
   <exslt:revision>
      <rdf:Description xmlns:rdf="http://www.w3.org/1999/02/22-rdf-syntax-ns#"
                       xmlns:dc="http://purl.org/dc/elements/1.1/"
                       ID="date:difference.1.3">
         <exslt:version>1.3</exslt:version>
         <dc:creator email="craig.stewart@nottingham.ac.uk" 
                     url="">Craig Stewart</dc:creator>
         <dc:date>2002-08-21</dc:date>
         <dc:description xmlns="http://www.w3.org/1999/xhtml">Added 4XSLT and libxslt implementation to the list.</dc:description>
      </rdf:Description>
   </exslt:revision>
   <exslt:revision>
      <rdf:Description xmlns:rdf="http://www.w3.org/1999/02/22-rdf-syntax-ns#"
                       xmlns:dc="http://purl.org/dc/elements/1.1/"
                       ID="date:difference.1.4">
         <exslt:version>1.4</exslt:version>
         <dc:creator email="craig.stewart@nottingham.ac.uk" 
                     url="">Craig Stewart</dc:creator>
         <dc:date>2002-11-12</dc:date>
         <dc:description xmlns="http://www.w3.org/1999/xhtml">Updated 4XSLT version to 0.12.0a3.</dc:description>
      </rdf:Description>
   </exslt:revision>
</rdf:Description>

<exslt:doc xmlns:html="http://www.w3.org/1999/xhtml"
           xmlns="">
   <html:div xmlns="http://www.w3.org/1999/xhtml">
      <p>
         The <code>date:difference</code> function returns the duration between the first date and the second date.  If the first date occurs before the second date, then the result is a positive duration; if it occurs after the second date, the result is a negative duration.
      </p>
      <p>
         The two dates must both be right-truncated date/time strings in one of the formats defined in [<a href="http://www.w3.org/TR/xmlschema-2/" class="offsite">XML Schema Part 2: Datatypes</a>].  The date/time with the most specific format (i.e. the least truncation) is converted into the same format as the date with the most specific format (i.e. the most truncation).  The permitted formats are as follows, from most specific to least specific:
      </p>
      <ul>
         <li>
            <a href="http://www.w3.org/TR/xmlschema-2/#dateTime" class="offsite"><code>xs:dateTime</code></a> (<code><var>CCYY</var>-<var>MM</var>-<var>DD</var>T<var>hh</var>:<var>mm</var>:<var>ss</var></code>)
         </li>
         <li>
            <a href="http://www.w3.org/TR/xmlschema-2/#date" class="offsite"><code>xs:date</code></a> (<code><var>CCYY</var>-<var>MM</var>-<var>DD</var></code>)
         </li>
         <li>
            <a href="http://www.w3.org/TR/xmlschema-2/#gYearMonth" class="offsite"><code>xs:gYearMonth</code></a> (<code><var>CCYY</var>-<var>MM</var></code>)
         </li>
         <li>
            <a href="http://www.w3.org/TR/xmlschema-2/#gYear" class="offsite"><code>xs:gYear</code></a> (<code><var>CCYY</var></code>)
         </li>
      </ul>
      <p>
         If either of the arguments is not in one of these formats, <code>date:difference</code> returns the empty string (<code>''</code>).
      </p>
      <p>
         The difference between the date/times is returned as a string in the format defined for <code>xs:duration</code> in [<a href="http://www.w3.org/TR/xmlschema-2/#duration" class="offsite">3.2.6 duration</a>] of [<a href="http://www.w3.org/TR/xmlschema-2/" class="offsite">XML Schema Part 2: Datatypes</a>].
      </p>
      <p>
         If the date/time string with the least specific format is in either <code>xs:gYearMonth</code> or <code>xs:gYear</code> format, then the number of days, hours, minutes and seconds in the duration string must be equal to zero.  (The format of the string will be <code>P<var>n</var>Y<var>n</var>M</code>.)  The number of months specified in the duration must be less than 12.
      </p>
      <p>
         Otherwise, the number of years and months in the duration string must be equal to zero.  (The format of the string will be <code>P<var>n</var>DT<var>n</var>H<var>n</var>M<var>n</var>S</code>.)  The number of seconds specified in the duration string must be less than 60; the number of minutes must be less than 60; the number of hours must be less than 24.
      </p>
   </html:div>
</exslt:doc>

<exslt:definition xmlns:xs="http://www.w3.org/2001/XMLSchema">
   <exslt:return type="string" />
   <exslt:arg name="start" type="string" 
              optional="no" />
   <exslt:arg name="end" type="string" 
              optional="no" />
</exslt:definition>

<exslt:implementations>
   <exslt:vendor-implementation
           version="1"
           vendor="4XSLT, from 4Suite."
           vendor-url="http://4Suite.org"
           vendor-version="0.12.0a3" />
   <exslt:vendor-implementation
           version="1"
           vendor="libxslt from Daniel Veillard et al."
           vendor-url="http://xmlsoft.org/XSLT/"
           vendor-version="1.0.19" />
   <exslt:implementation src="date.difference.function.xsl" language="exslt:exslt" 
                         version="1" />
   <exslt:implementation src="date.difference.template.xsl" language="exslt:xslt" 
                         version="1" />
   <exslt:implementation src="date.js" language="exslt:javascript" 
                         version="1">
      <rdf:Description xmlns:rdf="http://www.w3.org/1999/02/22-rdf-syntax-ns#"
                       xmlns:dc="http://purl.org/dc/elements/1.1/"
                       ID="date:difference.js">
         <dc:subject>EXSLT</dc:subject>
         <dc:subject>date</dc:subject>
         <dc:subject>difference</dc:subject>
         <dc:subject>Javascript</dc:subject>
         <exslt:revision>
            <rdf:Description xmlns:rdf="http://www.w3.org/1999/02/22-rdf-syntax-ns#"
                             xmlns:dc="http://purl.org/dc/elements/1.1/"
                             ID="date:difference.js.1">
               <exslt:version>1</exslt:version>
               <dc:creator xmlns:vcf="http://www.ietf.org/internet-drafts/draft-dawson-vcard-xml-dtd-03.txt" rdf:parseType="Resource">
                  <vcf:fn>Chris Bayes</vcf:fn>
                  <vcf:email>chris@bayes.co.uk</vcf:email>
                  <vcf:url>http://www.bayes.co.uk</vcf:url>
               </dc:creator>
               <dc:date>2001-06-11</dc:date>
            </rdf:Description>
         </exslt:revision>
         <exslt:revision>
            <rdf:Description xmlns:rdf="http://www.w3.org/1999/02/22-rdf-syntax-ns#"
                             xmlns:dc="http://purl.org/dc/elements/1.1/"
                             ID="date:difference.js.2">
               <exslt:version>2</exslt:version>
               <dc:creator xmlns:vcf="http://www.ietf.org/internet-drafts/draft-dawson-vcard-xml-dtd-03.txt" rdf:parseType="Resource">
                  <vcf:fn>Chris Bayes</vcf:fn>
                  <vcf:email>chris@bayes.co.uk</vcf:email>
                  <vcf:url>http://www.bayes.co.uk</vcf:url>
               </dc:creator>
               <dc:date>2001-06-16</dc:date>
            </rdf:Description>
         </exslt:revision>
      </rdf:Description>
   </exslt:implementation>
   <exslt:implementation src="date.msxsl.xsl" language="exslt:msxsl"
                         version="1">
      <rdf:Description xmlns:rdf="http://www.w3.org/1999/02/22-rdf-syntax-ns#"
                       xmlns:dc="http://purl.org/dc/elements/1.1/"
                       ID="date:difference.msxsl">
         <dc:subject>EXSLT</dc:subject>
         <dc:subject>date</dc:subject>
         <dc:subject>difference</dc:subject>
         <dc:subject>MSXML</dc:subject>
         <exslt:revision>
            <rdf:Description xmlns:rdf="http://www.w3.org/1999/02/22-rdf-syntax-ns#"
                             xmlns:dc="http://purl.org/dc/elements/1.1/"
                             ID="date:difference.msxsl.1">
               <exslt:version>1</exslt:version>
               <dc:creator xmlns:vcf="http://www.ietf.org/internet-drafts/draft-dawson-vcard-xml-dtd-03.txt" rdf:parseType="Resource">
                  <vcf:fn>Chris Bayes</vcf:fn>
                  <vcf:email>chris@bayes.co.uk</vcf:email>
                  <vcf:url>http://www.bayes.co.uk</vcf:url>
               </dc:creator>
               <dc:date>2001-06-16</dc:date>
            </rdf:Description>
         </exslt:revision>
      </rdf:Description>
   </exslt:implementation>
</exslt:implementations>

<exslt:use-cases />

</exslt:function>
