<?xml version="1.0"?>
<?xml-stylesheet type="text/xsl" href="../style/module.xsl" ?>
<exslt:module xmlns:exslt="http://exslt.org/documentation"
              version="1" prefix="str">

<exslt:name>Strings</exslt:name>

<rdf:Description xmlns:rdf="http://www.w3.org/1999/02/22-rdf-syntax-ns#"
                 xmlns:dc="http://purl.org/dc/elements/1.1/"
                 ID="str">
   <dc:subject>EXSLT</dc:subject>
   <dc:subject>str</dc:subject>
   <dc:subject>module</dc:subject>
   <dc:subject>string</dc:subject>
   <exslt:revision>
      <rdf:Description xmlns:rdf="http://www.w3.org/1999/02/22-rdf-syntax-ns#"
                       xmlns:dc="http://purl.org/dc/elements/1.1/"
                       ID="str.1">
         <exslt:version>1</exslt:version>
         <dc:creator>Jeni Tennison</dc:creator>
         <dc:date>2001-06-03</dc:date>
         <dc:description>A module of string manipulation functions.</dc:description>
      </rdf:Description>
   </exslt:revision>
   <exslt:revision>
      <rdf:Description xmlns:rdf="http://www.w3.org/1999/02/22-rdf-syntax-ns#"
                       xmlns:dc="http://purl.org/dc/elements/1.1/"
                       ID="str.1.1">
         <exslt:version>1.1</exslt:version>
         <dc:creator>Jeni Tennison</dc:creator>
         <dc:date>2001-11-18</dc:date>
         <dc:description>Added str:split() function.</dc:description>
      </rdf:Description>
   </exslt:revision>
</rdf:Description>

<exslt:doc xmlns="">
   <section>
      <para>
         EXSLT - Strings covers extension elements and functions that provide facilities to do with string manipulation.
      </para>
   </section>
</exslt:doc>

<exslt:functions>
   <exslt:function name="tokenize" version="1" core="no" />
   <exslt:function name="replace" version="1" core="no" />
   <exslt:function name="padding" version="1" core="no" />
   <exslt:function name="align" version="1" core="no" />
   <exslt:function name="encode-uri" version="1" core="no" />
   <exslt:function name="decode-uri" version="1" core="no" />
   <exslt:function name="concat" version="1" core="no" />
   <exslt:function name="split" version="1" core="no" />
</exslt:functions>

</exslt:module>